URL_test,name,lastName,email,password,password1,newPassword,newPassword1,newExpenses
https://qauto2.forstudy.space/api/,Anna,Allison,annaAlisson@gmail.com,TestPass2233,TestPass2233,qweRty7899,qweRty7899,100
https://qauto2.forstudy.space/api/,Anna,Allison,annaAlisson@gmail.com,TestPass2233,TestPass2233,qweRty7899,qweRty7898,100
https://qauto2.forstudy.space/api/,A,Allison,annaAlisson@gmail.com,TestPass2233,TestPass2233,qweRty7899,qweRty7899,100
https://qauto2.forstudy.space/api/,Anna,,annaAlisson@gmail.com,TestPass2233,TestPass2233,qweRty7899,qweRty7899,100
https://qauto2.forstudy.space/api/,Anna,Allison,annaAlisson@gmailcom,TestPass2233,TestPass2233,qweRty7899,qweRty7899,100
https://qauto2.forstudy.space/api/,Anna,Allison,annaAlissongmail.com,TestPass2233,TestPass2233,qweRty7899,qweRty7899,100
https://qauto2.forstudy.space/api/,Anna,Allison,annaAlisson@gmail.com,TestPass2233,TestPass2223,qweRty7899,qweRty7899,100
https://qauto2.forstudy.space/api/,Anna,Allison,anna@Alisson@gmail.com,TestPass2233,T88tPass2233,qweRty7899,qweRty7899,100
https://qauto.forstudy.space/api/,Anna,Allison,annaAlisson@gmail.com,TestPass2233,TestPass2233,qweRty7899,qweRty7899,100
https://qauto.forstudy.space/api/,Anna,Allison,annaAlisson@gmail.com,TestPass2233,TestPass2233,qweRty7899,qweRty7898,100
https://qauto.forstudy.space/api/,A,Allison,annaAlisson@gmail.com,TestPass2233,TestPass2233,qweRty7899,qweRty7899,100
https://qauto.forstudy.space/api/,Anna,,annaAlisson@gmail.com,TestPass2233,TestPass2233,qweRty7899,qweRty7899,100
https://qauto.forstudy.space/api/,Anna,Allison,annaAlisson@gmailcom,TestPass2233,TestPass2233,qweRty7899,qweRty7899,100
https://qauto.forstudy.space/api/,Anna,Allison,annaAlissongmail.com,TestPass2233,TestPass2233,qweRty7899,qweRty7899,100
https://qauto.forstudy.space/api/,Anna,Allison,annaAlisson@gmail.com,TestPass2233,TestPass2223,qweRty7899,qweRty7899,100
https://qauto.forstudy.space/api/,Anna,Allison,anna@Alisson@gmail.com,TestPass2233,T88tPass2233,qweRty7899,qweRty7899,100